request_id,amount_safe_to_pay,affordability_status,recommended_payment_method,payment_plan,earliest_date_for_full_payment,spending_changes_needed,decision_explanation
request_26,15656000.0,affordable_now,full_payment,2025-08-03:15656000,2025-08-03,none,Pay IDR 15656000 today. This leaves at least IDR 24768300 available over the next 90 days.
request_27,6670.0,affordable_now,full_payment,2026-07-05:6670,2026-07-05,none,Pay ZAR 6670 today. This leaves at least ZAR 20500 available over the next 90 days.
request_28,0.0,not_affordable,not_recommended,none,,none,Do not make this payment by 15 August 2024. None of the available options keeps the EUR 1100 minimum protected.
request_29,1457.66,not_affordable,not_recommended,none,,none,"Do not proceed with the ZAR 51524 request. Although ZAR 1457.66 is available today, the full amount cannot be completed safely within 90 days."
request_30,775.2,affordable_with_plan,installments,2026-04-06:268.74|2026-05-06:268.74|2026-06-05:268.74,2026-04-06,none,"Use 3 installments of USD 268.74, starting 6 April 2026. This leaves at least USD 900 available."
request_31,2894443.04,affordable_later,wait,2024-11-15:18164000,2024-11-15,none,"Wait until 15 November 2024, then pay IDR 18164000 in full. Paying sooner would put the IDR 16588900 minimum at risk."
request_32,14175.2,affordable_later,wait,2025-04-15:40018,2025-04-15,none,"Wait until 15 April 2025, then pay ZAR 40018 in full. Paying sooner would put the ZAR 35700 minimum at risk."
request_33,37787.88,affordable_later,wait,2026-02-15:118000,2026-02-15,none,"Wait until 15 February 2026, then pay INR 118000 in full. Paying sooner would put the INR 102100 minimum at risk."
request_34,129400.0,affordable_now,full_payment,2024-12-04:129400,2024-12-04,none,Pay INR 129400 today. This leaves at least INR 138500 available over the next 90 days.
request_35,21248.24,affordable_later,wait,2026-01-15:212000,2026-01-15,none,"Wait until 15 January 2026, then pay INR 212000 in full. Paying sooner would put the INR 106400 minimum at risk."
request_36,615.13,affordable_later,wait,2026-09-15:3954,2026-09-15,none,"Wait until 15 September 2026, then pay USD 3954 in full. Paying sooner would put the USD 2400 minimum at risk."
request_37,0.0,not_affordable,not_recommended,none,,none,Do not make this payment by 15 May 2024. None of the available options keeps the IDR 17056200 minimum protected.
request_38,182.82,affordable_later,wait,2025-10-15:971.30,2025-10-15,none,"Wait until 15 October 2025, then pay EUR 971.30 in full. Paying sooner would put the EUR 400 minimum at risk."
request_39,61334.41,affordable_later,wait,2026-06-15:208600,2026-06-15,none,"Wait until 15 June 2026, then pay INR 208600 in full. Paying sooner would put the INR 213400 minimum at risk."
request_40,332.46,not_affordable,not_recommended,none,,none,"Do not proceed with the EUR 1290.30 request. Although EUR 332.46 is available today, the full amount cannot be completed safely within 90 days."
request_41,8781753.1,affordable_later,wait,2026-01-15:38760000,2026-01-15,none,"Wait until 15 January 2026, then pay IDR 38760000 in full. Paying sooner would put the IDR 25366600 minimum at risk."
request_42,31169.77,not_affordable,not_recommended,none,,none,"Do not proceed with the INR 52100 request. Although INR 31169.77 is available today, the full amount cannot be completed safely within 90 days."
request_43,8443757.75,affordable_later,wait,2024-11-15:43339000,2024-11-15,none,"Wait until 15 November 2024, then pay IDR 43339000 in full. Paying sooner would put the IDR 21398000 minimum at risk."
request_44,29256.06,not_affordable,not_recommended,none,,none,"Do not proceed with the INR 95800 request. Although INR 29256.06 is available today, the full amount cannot be completed safely within 90 days."
request_45,3614476.62,affordable_later,wait,2026-09-15:21983000,2026-09-15,none,"Wait until 15 September 2026, then pay IDR 21983000 in full. Paying sooner would put the IDR 11149800 minimum at risk."
request_46,42021.85,affordable_with_plan,partial_payment,2024-12-03:42021.85|2024-12-15:7428.15,2024-12-15,none,Pay INR 42021.85 today and the remaining INR 7428.15 on 15 December 2024. This completes the full request and keeps the INR 84000 minimum protected.
request_47,24403613.86,not_affordable,not_recommended,none,,none,"Do not proceed with the IDR 38114000 request. Although IDR 24403613.86 is available today, the full amount cannot be completed safely within 90 days."
request_48,45700.0,affordable_now,full_payment,2026-07-25:45700,2026-07-25,none,Pay INR 45700 today. This leaves at least INR 71300 available over the next 90 days.
request_49,11974188.05,not_affordable,not_recommended,none,,none,"Do not proceed with the IDR 34333000 request. Although IDR 11974188.05 is available today, the full amount cannot be completed safely within 90 days."
request_50,43900.0,affordable_now,full_payment,2025-08-06:43900,2025-08-06,none,Pay INR 43900 today. This leaves at least INR 99700 available over the next 90 days.
request_51,2191000.0,affordable_now,full_payment,2026-01-03:2191000,2026-01-03,none,Pay IDR 2191000 today. This leaves at least IDR 7811000 available over the next 90 days.
request_52,18701.97,affordable_later,wait,2024-06-15:28870,2024-06-15,none,"Wait until 15 June 2024, then pay INR 28870 in full. Paying sooner would put the INR 41500 minimum at risk."
request_53,477.89,affordable_with_plan,installments,2025-11-21:589.06|2025-12-19:589.06|2026-01-16:589.06,2026-01-15,none,"Use 3 installments of USD 589.06, starting 21 November 2025. This leaves at least USD 2100 available."
request_54,2064.79,not_affordable,not_recommended,none,,none,"Do not proceed with the ZAR 121528 request. Although ZAR 2064.79 is available today, the full amount cannot be completed safely within 90 days."
request_55,116607.42,not_affordable,not_recommended,none,2026-08-15,none,"Do not proceed with the INR 218600 request. Although INR 116607.42 is available today, the full amount cannot be completed safely within 90 days."
request_56,623.64,affordable_with_plan,partial_payment,2025-02-03:623.64|2025-02-15:257.92,2025-02-15,none,Pay USD 623.64 today and the remaining USD 257.92 on 15 February 2025. This completes the full request and keeps the USD 2100 minimum protected.
request_57,14573.73,affordable_later,wait,2026-06-15:61446,2026-06-15,none,"Wait until 15 June 2026, then pay ZAR 61446 in full. Paying sooner would put the ZAR 42700 minimum at risk."
request_58,16226000.0,affordable_now,full_payment,2024-12-07:16226000,2024-12-07,none,Pay IDR 16226000 today. This leaves at least IDR 14433900 available over the next 90 days.
request_59,140600.0,affordable_with_plan,installments,2025-05-07:48741.33|2025-06-04:48741.33|2025-07-02:48741.33,2025-05-04,none,"Use 3 installments of INR 48741.33, starting 7 May 2025. This leaves at least INR 132600 available."
request_60,134.24,affordable_later,wait,2026-01-15:199.89,2026-01-15,none,"Wait until 15 January 2026, then pay USD 199.89 in full. Paying sooner would put the USD 400 minimum at risk."
request_61,29062.0,affordable_with_plan,installments,2024-03-17:10074.83|2024-04-17:10074.83|2024-05-18:10074.83,2024-03-03,none,"Use 3 installments of ZAR 10074.83, starting 17 March 2024. This leaves at least ZAR 36700 available."
request_62,404.23,affordable_now,full_payment,2025-08-05:404.23,2025-08-05,none,Pay USD 404.23 today. This leaves at least USD 1300 available over the next 90 days.
request_63,47792.59,not_affordable,not_recommended,none,,none,"Do not proceed with the INR 343900 request. Although INR 47792.59 is available today, the full amount cannot be completed safely within 90 days."
request_64,0.0,not_affordable,not_recommended,none,,none,Do not make this payment by 16 August 2024. None of the available options keeps the INR 36100 minimum protected.
request_65,5782.77,not_affordable,not_recommended,none,,none,"Do not proceed with the ZAR 54340 request. Although ZAR 5782.77 is available today, the full amount cannot be completed safely within 90 days."
request_66,22200.0,affordable_now,full_payment,2026-04-03:22200,2026-04-03,none,Pay INR 22200 today. This leaves at least INR 80700 available over the next 90 days.
request_67,292.95,affordable_later,wait,2024-11-15:2094,2024-11-15,none,"Wait until 15 November 2024, then pay USD 2094 in full. Paying sooner would put the USD 1200 minimum at risk."
request_68,1419.14,affordable_with_plan,installments,2025-02-14:725.09|2025-03-14:725.09|2025-04-11:725.09,2025-03-23,none,"Use 3 installments of USD 725.09, starting 14 February 2025. This leaves at least USD 1500 available."
request_69,529.1,affordable_now,full_payment,2026-01-04:529.10,2026-01-04,none,Pay EUR 529.10 today. This leaves at least EUR 700 available over the next 90 days.
request_70,49475.42,affordable_later,wait,2025-02-15:243900,2025-02-15,none,"Wait until 15 February 2025, then pay INR 243900 in full. Paying sooner would put the INR 115000 minimum at risk."
request_71,414991.16,not_affordable,not_recommended,none,,none,"Do not proceed with the IDR 21451000 request. Although IDR 414991.16 is available today, the full amount cannot be completed safely within 90 days."
request_72,11330.0,affordable_now,full_payment,2026-07-05:11330,2026-07-05,none,Pay ZAR 11330 today. This leaves at least ZAR 12200 available over the next 90 days.
request_73,71400.0,affordable_now,full_payment,2023-01-20:71400,2023-01-20,none,Pay INR 71400 today. This leaves at least INR 103200 available over the next 90 days.
request_74,5010.0,affordable_now,full_payment,2025-08-04:5010,2025-08-04,none,Pay ZAR 5010 today. This leaves at least ZAR 21900 available over the next 90 days.
request_75,13759.27,not_affordable,not_recommended,none,,none,"Do not proceed with the ZAR 28270 request. Although ZAR 13759.27 is available today, the full amount cannot be completed safely within 90 days."
request_76,339.49,not_affordable,not_recommended,none,,none,"Do not proceed with the USD 4455.60 request. Although USD 339.49 is available today, the full amount cannot be completed safely within 90 days."
request_77,60700.0,affordable_now,full_payment,2025-11-05:60700,2025-11-05,none,Pay INR 60700 today. This leaves at least INR 82200 available over the next 90 days.
request_78,49350.15,affordable_with_plan,full_payment,2025-10-02:50200,2025-10-15,stop:event_7224,"Apply spending changes (stop event_7224), then pay INR 50200 today. This leaves at least INR 55200 available."
request_79,326.82,not_affordable,not_recommended,none,,none,"Do not proceed with the EUR 2151.60 request. Although EUR 326.82 is available today, the full amount cannot be completed safely within 90 days."
request_80,103618.32,not_affordable,not_recommended,none,,none,"Do not proceed with the INR 217500 request. Although INR 103618.32 is available today, the full amount cannot be completed safely within 90 days."
request_81,2076.0,affordable_now,full_payment,2026-07-03:2076,2026-07-03,none,Pay USD 2076 today. This leaves at least USD 1600 available over the next 90 days.
request_82,0.0,not_affordable,not_recommended,none,,none,Do not make this payment by 15 February 2025. None of the available options keeps the USD 1100 minimum protected.
request_83,6702.37,not_affordable,not_recommended,none,,none,"Do not proceed with the INR 156200 request. Although INR 6702.37 is available today, the full amount cannot be completed safely within 90 days."
request_84,29848.22,affordable_later,wait,2026-06-15:95400,2026-06-15,none,"Wait until 15 June 2026, then pay INR 95400 in full. Paying sooner would put the INR 91300 minimum at risk."
request_85,374061.81,not_affordable,not_recommended,none,,none,"Do not proceed with the IDR 19304000 request. Although IDR 374061.81 is available today, the full amount cannot be completed safely within 90 days."
request_86,46300.0,affordable_now,full_payment,2025-08-03:46300,2025-08-03,none,Pay INR 46300 today. This leaves at least INR 84900 available over the next 90 days.
request_87,28828.11,not_affordable,not_recommended,none,,none,"Do not proceed with the INR 487900 request. Although INR 28828.11 is available today, the full amount cannot be completed safely within 90 days."
request_88,10497.62,affordable_with_plan,installments,2024-06-14:9045.23|2024-07-15:9045.23|2024-08-15:9045.23,2024-07-15,none,"Use 3 installments of ZAR 9045.23, starting 14 June 2024. This leaves at least ZAR 25800 available."
request_89,9859943.87,not_affordable,not_recommended,none,2026-01-15,none,"Do not proceed with the IDR 13756000 request. Although IDR 9859943.87 is available today, the full amount cannot be completed safely within 90 days."
request_90,2560.0,affordable_now,full_payment,2026-07-06:2560,2026-07-06,none,Pay ZAR 2560 today. This leaves at least ZAR 7600 available over the next 90 days.
request_91,399.27,affordable_later,wait,2024-11-15:1927.20,2024-11-15,none,"Wait until 15 November 2024, then pay EUR 1927.20 in full. Paying sooner would put the EUR 2100 minimum at risk."
request_92,31657.94,affordable_later,wait,2025-02-24:34034,2025-02-24,none,"Wait until 24 February 2025, then pay ZAR 34034 in full. Paying sooner would put the ZAR 28100 minimum at risk."
request_93,1729.2,affordable_now,full_payment,2026-04-07:1729.20,2026-04-07,none,Pay USD 1729.20 today. This leaves at least USD 1900 available over the next 90 days.
request_94,572.0,affordable_now,full_payment,2024-12-04:572,2024-12-04,none,Pay EUR 572 today. This leaves at least EUR 600 available over the next 90 days.
request_95,12293.69,not_affordable,not_recommended,none,,none,"Do not proceed with the INR 553000 request. Although INR 12293.69 is available today, the full amount cannot be completed safely within 90 days."
request_96,74311.34,affordable_with_plan,installments,2026-01-10:31269.33|2026-02-09:31269.33|2026-03-11:31269.33,2026-02-15,none,"Use 3 installments of INR 31269.33, starting 10 January 2026. This leaves at least INR 56500 available."
request_97,1833.87,affordable_with_plan,installments,2024-03-19:8145.28|2024-04-19:8145.28|2024-05-20:8145.28,2024-04-15,none,"Use 3 installments of ZAR 8145.28, starting 19 March 2024. This leaves at least ZAR 29700 available."
request_98,6957.42,not_affordable,not_recommended,none,,none,"Do not proceed with the ZAR 27148 request. Although ZAR 6957.42 is available today, the full amount cannot be completed safely within 90 days."
request_99,16890.9,affordable_with_plan,full_payment,2026-07-04:18062,2026-07-15,reduce_to:event_9232:1065.90,"Apply spending changes (reduce event_9232 to ZAR 1065.90), then pay ZAR 18062 today. This leaves at least ZAR 49100 available."
request_100,27631.84,affordable_with_plan,installments,2024-06-13:12866.19|2024-07-14:12866.19|2024-08-14:12866.19,2024-06-15,none,"Use 3 installments of ZAR 12866.19, starting 13 June 2024. This leaves at least ZAR 32500 available."
request_101,143500.0,affordable_now,full_payment,2025-11-03:143500,2025-11-03,none,Pay INR 143500 today. This leaves at least INR 187400 available over the next 90 days.
request_102,1716.0,affordable_with_plan,installments,2026-04-05:594.88|2026-05-05:594.88|2026-06-04:594.88,2026-04-05,none,"Use 3 installments of EUR 594.88, starting 5 April 2026. This leaves at least EUR 900 available."
request_103,1095.3,not_affordable,not_recommended,none,,none,"Do not proceed with the INR 368300 request. Although INR 1095.30 is available today, the full amount cannot be completed safely within 90 days."
request_104,17204.0,affordable_now,full_payment,2025-02-04:17204,2025-02-04,none,Pay ZAR 17204 today. This leaves at least ZAR 24700 available over the next 90 days.
request_105,0.0,not_affordable,not_recommended,none,,none,Do not make this payment by 14 June 2026. None of the available options keeps the INR 73900 minimum protected.
request_106,440.12,affordable_later,wait,2025-02-15:2207.70,2025-02-15,none,"Wait until 15 February 2025, then pay EUR 2207.70 in full. Paying sooner would put the EUR 1200 minimum at risk."
request_107,611.67,not_affordable,not_recommended,none,,none,"Do not proceed with the EUR 2534.40 request. Although EUR 611.67 is available today, the full amount cannot be completed safely within 90 days."
request_108,1205.51,affordable_later,wait,2026-09-24:55308,2026-09-24,none,"Wait until 24 September 2026, then pay ZAR 55308 in full. Paying sooner would put the ZAR 24100 minimum at risk."
request_109,555.89,not_affordable,not_recommended,none,2024-05-15,none,"Do not proceed with the EUR 1863.40 request. Although EUR 555.89 is available today, the full amount cannot be completed safely within 90 days."
request_110,22352.0,affordable_with_plan,installments,2025-08-06:7748.69|2025-09-03:7748.69|2025-10-01:7748.69,2025-08-06,none,"Use 3 installments of ZAR 7748.69, starting 6 August 2025. This leaves at least ZAR 11200 available."
request_111,16625000.0,affordable_now,full_payment,2026-04-03:16625000,2026-04-03,none,Pay IDR 16625000 today. This leaves at least IDR 23022800 available over the next 90 days.
request_112,218.08,affordable_with_plan,full_payment,2024-06-05:271.70,2024-08-15,reduce_to:event_10400:13,"Apply spending changes (reduce event_10400 to EUR 13), then pay EUR 271.70 today. This leaves at least EUR 500 available."
request_113,26934.65,affordable_later,wait,2026-09-15:36500,2026-09-15,none,"Wait until 15 September 2026, then pay INR 36500 in full. Paying sooner would put the INR 82300 minimum at risk."
request_114,60008.81,affordable_later,wait,2026-01-15:65300,2026-01-15,none,"Wait until 15 January 2026, then pay INR 65300 in full. Paying sooner would put the INR 113400 minimum at risk."
request_115,14552.2,affordable_later,wait,2024-11-15:80500,2024-11-15,none,"Wait until 15 November 2024, then pay INR 80500 in full. Paying sooner would put the INR 38800 minimum at risk."
request_116,7550.39,not_affordable,not_recommended,none,,none,"Do not proceed with the INR 241200 request. Although INR 7550.39 is available today, the full amount cannot be completed safely within 90 days."
request_117,848.69,affordable_with_plan,full_payment,2026-07-05:880,2026-07-15,stop:event_10833|reduce_to:event_10878:20.50,"Apply spending changes (stop event_10833 and reduce event_10878 to EUR 20.50), then pay EUR 880 today. This leaves at least EUR 1000 available."
request_118,0.0,not_affordable,not_recommended,none,,none,Do not make this payment by 8 February 2025. None of the available options keeps the EUR 600 minimum protected.
request_119,58565.0,not_affordable,not_recommended,none,2025-07-15,none,"Do not proceed with the INR 203500 request. Although INR 58565 is available today, the full amount cannot be completed safely within 90 days."
request_120,7714000.0,affordable_now,full_payment,2026-04-06:7714000,2026-04-06,none,Pay IDR 7714000 today. This leaves at least IDR 20050300 available over the next 90 days.
request_121,633.6,affordable_now,full_payment,2024-03-03:633.60,2024-03-03,none,Pay USD 633.60 today. This leaves at least USD 800 available over the next 90 days.
request_122,20558000.0,affordable_with_plan,installments,2025-08-05:7126773.33|2025-09-02:7126773.33|2025-09-30:7126773.33,2025-08-05,none,"Use 3 installments of IDR 7126773.33, starting 5 August 2025. This leaves at least IDR 12588500 available."
request_123,4076000.0,affordable_now,full_payment,2026-01-07:4076000,2026-01-07,none,Pay IDR 4076000 today. This leaves at least IDR 18091200 available over the next 90 days.
request_124,1406.49,affordable_with_plan,installments,2024-06-11:1076.12|2024-07-12:1076.12|2024-08-12:1076.12,2024-07-15,none,"Use 3 installments of EUR 1076.12, starting 11 June 2024. This leaves at least EUR 1600 available."
request_125,5957.4,affordable_with_plan,full_payment,2025-11-06:6468,2025-11-15,reduce_to:event_11602:223.30,"Apply spending changes (reduce event_11602 to ZAR 223.30), then pay ZAR 6468 today. This leaves at least ZAR 11300 available."
request_126,159600.0,affordable_now,full_payment,2026-07-03:159600,2026-07-03,none,Pay INR 159600 today. This leaves at least INR 129700 available over the next 90 days.
request_127,9846.58,affordable_later,wait,2024-10-15:23980,2024-10-15,none,"Wait until 15 October 2024, then pay ZAR 23980 in full. Paying sooner would put the ZAR 41000 minimum at risk."
request_128,25168.0,affordable_now,full_payment,2025-02-07:25168,2025-02-07,none,Pay ZAR 25168 today. This leaves at least ZAR 42600 available over the next 90 days.
request_129,153.17,not_affordable,not_recommended,none,,none,"Do not proceed with the USD 2668.80 request. Although USD 153.17 is available today, the full amount cannot be completed safely within 90 days."
request_130,405.41,affordable_later,wait,2025-02-15:1978.80,2025-02-15,none,"Wait until 15 February 2025, then pay USD 1978.80 in full. Paying sooner would put the USD 1400 minimum at risk."
request_131,1160.55,not_affordable,not_recommended,none,2025-06-23,none,"Do not proceed with the USD 1855.20 request. Although USD 1160.55 is available today, the full amount cannot be completed safely within 90 days."
request_132,345.71,affordable_later,wait,2026-01-15:379.86,2026-01-15,none,"Wait until 15 January 2026, then pay USD 379.86 in full. Paying sooner would put the USD 1100 minimum at risk."
request_133,15770000.0,not_affordable,not_recommended,none,2024-03-07,none,"Do not proceed with the IDR 15770000 request. Although IDR 15770000 is available today, the full amount cannot be completed safely within 90 days."
request_134,4469014.82,affordable_later,wait,2025-10-15:21831000,2025-10-15,none,"Wait until 15 October 2025, then pay IDR 21831000 in full. Paying sooner would put the IDR 15902500 minimum at risk."
request_135,273.59,affordable_with_plan,full_payment,2026-07-06:304.80,2026-07-15,stop:event_12413|reduce_to:event_12458:17.50,"Apply spending changes (stop event_12413 and reduce event_12458 to USD 17.50), then pay USD 304.80 today. This leaves at least USD 500 available."
request_136,560.4,affordable_now,full_payment,2024-06-03:560.40,2024-06-03,none,Pay USD 560.40 today. This leaves at least USD 1100 available over the next 90 days.
request_137,30468.28,affordable_later,wait,2026-01-15:80100,2026-01-15,none,"Wait until 15 January 2026, then pay INR 80100 in full. Paying sooner would put the INR 71800 minimum at risk."
request_138,861.61,affordable_with_plan,partial_payment,2026-04-07:861.61|2026-04-15:395.33,2026-04-15,none,Pay EUR 861.61 today and the remaining EUR 395.33 on 15 April 2026. This completes the full request and keeps the EUR 2300 minimum protected.
request_139,1278.14,not_affordable,not_recommended,none,2024-10-15,none,"Do not proceed with the USD 2316 request. Although USD 1278.14 is available today, the full amount cannot be completed safely within 90 days."
request_140,1622.98,not_affordable,not_recommended,none,,none,"Do not proceed with the ZAR 62832 request. Although ZAR 1622.98 is available today, the full amount cannot be completed safely within 90 days."
request_141,21398.42,not_affordable,not_recommended,none,,none,"Do not proceed with the INR 171600 request. Although INR 21398.42 is available today, the full amount cannot be completed safely within 90 days."
request_142,1263.6,affordable_now,full_payment,2024-12-05:1263.60,2024-12-05,none,Pay USD 1263.60 today. This leaves at least USD 1700 available over the next 90 days.
request_143,2653.42,affordable_later,wait,2025-07-15:12584,2025-07-15,none,"Wait until 15 July 2025, then pay ZAR 12584 in full. Paying sooner would put the ZAR 11300 minimum at risk."
request_144,233.34,affordable_now,full_payment,2026-07-04:233.34,2026-07-04,none,Pay USD 233.34 today. This leaves at least USD 600 available over the next 90 days.
request_145,0.0,not_affordable,not_recommended,none,,none,Do not make this payment by 26 May 2024. None of the available options keeps the INR 155400 minimum protected.
request_146,14054.86,not_affordable,not_recommended,none,,none,"Do not proceed with the INR 449400 request. Although INR 14054.86 is available today, the full amount cannot be completed safely within 90 days."
request_147,535.96,affordable_with_plan,installments,2026-04-08:391.63|2026-05-08:391.63|2026-06-07:391.63,2026-05-15,none,"Use 3 installments of EUR 391.63, starting 8 April 2026. This leaves at least EUR 900 available."
request_148,7665.48,not_affordable,not_recommended,none,2024-07-15,none,"Do not proceed with the ZAR 22242 request. Although ZAR 7665.48 is available today, the full amount cannot be completed safely within 90 days."
request_149,24545.82,affordable_with_plan,installments,2025-11-18:12706.03|2025-12-16:12706.03|2026-01-13:12706.03,2025-12-15,none,"Use 3 installments of ZAR 12706.03, starting 18 November 2025. This leaves at least ZAR 42100 available."
request_150,291.11,not_affordable,not_recommended,none,2026-02-15,none,"Do not proceed with the EUR 496.10 request. Although EUR 291.11 is available today, the full amount cannot be completed safely within 90 days."
request_151,26999000.0,affordable_now,full_payment,2024-09-03:26999000,2024-09-03,none,Pay IDR 26999000 today. This leaves at least IDR 31633600 available over the next 90 days.
request_152,11035.96,not_affordable,not_recommended,none,2025-04-15,none,"Do not proceed with the ZAR 13882 request. Although ZAR 11035.96 is available today, the full amount cannot be completed safely within 90 days."
request_153,84.67,not_affordable,not_recommended,none,,none,"Do not proceed with the USD 2830.80 request. Although USD 84.67 is available today, the full amount cannot be completed safely within 90 days."
request_154,1625.8,affordable_with_plan,installments,2024-12-04:563.61|2025-01-04:563.61|2025-02-04:563.61,2024-12-04,none,"Use 3 installments of EUR 563.61, starting 4 December 2024. This leaves at least EUR 1300 available."
request_155,112500.0,affordable_now,full_payment,2025-05-06:112500,2025-05-06,none,Pay INR 112500 today. This leaves at least INR 56300 available over the next 90 days.
request_156,9334.86,affordable_later,wait,2026-06-15:43076,2026-06-15,none,"Wait until 15 June 2026, then pay ZAR 43076 in full. Paying sooner would put the ZAR 26900 minimum at risk."
request_157,4352610.76,affordable_later,wait,2024-05-15:23503000,2024-05-15,none,"Wait until 15 May 2024, then pay IDR 23503000 in full. Paying sooner would put the IDR 15714100 minimum at risk."
request_158,242600.0,affordable_with_plan,installments,2025-08-07:84101.33|2025-09-04:84101.33|2025-10-02:84101.33,2025-08-07,none,"Use 3 installments of INR 84101.33, starting 7 August 2025. This leaves at least INR 131400 available."
request_159,3823.31,not_affordable,not_recommended,none,,none,"Do not proceed with the ZAR 13398 request. Although ZAR 3823.31 is available today, the full amount cannot be completed safely within 90 days."
request_160,574.47,affordable_with_plan,installments,2024-06-13:432.05|2024-07-14:432.05|2024-08-14:432.05,2024-07-15,none,"Use 3 installments of EUR 432.05, starting 13 June 2024. This leaves at least EUR 1200 available."
request_161,0.0,not_affordable,not_recommended,none,,none,Do not make this payment by 15 January 2026. None of the available options keeps the IDR 23010400 minimum protected.
request_162,1159061.72,not_affordable,not_recommended,none,,none,"Do not proceed with the IDR 83923000 request. Although IDR 1159061.72 is available today, the full amount cannot be completed safely within 90 days."
request_163,0.0,not_affordable,not_recommended,none,,none,Do not make this payment by 15 November 2024. None of the available options keeps the IDR 26728700 minimum protected.
request_164,25534396.73,affordable_with_plan,installments,2025-02-11:9366240|2025-03-11:9366240|2025-04-08:9366240,2025-02-24,none,"Use 3 installments of IDR 9366240, starting 11 February 2025. This leaves at least IDR 29550500 available."
request_165,80600.0,affordable_now,full_payment,2026-04-06:80600,2026-04-06,none,Pay INR 80600 today. This leaves at least INR 95000 available over the next 90 days.
request_166,2907.6,affordable_with_plan,installments,2024-12-03:1007.97|2025-01-03:1007.97|2025-02-03:1007.97,2024-12-03,none,"Use 3 installments of USD 1007.97, starting 3 December 2024. This leaves at least USD 1700 available."
request_167,43802.0,affordable_now,full_payment,2025-05-05:43802,2025-05-05,none,Pay ZAR 43802 today. This leaves at least ZAR 31200 available over the next 90 days.
request_168,36227.55,affordable_with_plan,partial_payment,2026-01-07:36227.55|2026-01-15:13152.45,2026-01-15,none,Pay INR 36227.55 today and the remaining INR 13152.45 on 15 January 2026. This completes the full request and keeps the INR 114400 minimum protected.
request_169,41976.0,affordable_now,full_payment,2024-03-04:41976,2024-03-04,none,Pay ZAR 41976 today. This leaves at least ZAR 18700 available over the next 90 days.
request_170,30183194.4,affordable_with_plan,installments,2025-08-06:12804480|2025-09-03:12804480|2025-10-01:12804480,2025-09-15,none,"Use 3 installments of IDR 12804480, starting 6 August 2025. This leaves at least IDR 24715800 available."
request_171,30.56,not_affordable,not_recommended,none,,none,"Do not proceed with the EUR 1878.80 request. Although EUR 30.56 is available today, the full amount cannot be completed safely within 90 days."
request_172,10200.0,affordable_with_plan,installments,2024-06-05:5304|2024-07-03:5304,2024-06-05,none,"Use 2 installments of ZAR 5304, starting 5 June 2024. This leaves at least ZAR 27200 available."
request_173,56006.44,not_affordable,not_recommended,none,,none,"Do not proceed with the INR 113000 request. Although INR 56006.44 is available today, the full amount cannot be completed safely within 90 days."
request_174,1119.51,not_affordable,not_recommended,none,,none,"Do not proceed with the EUR 1146.20 request. Although EUR 1119.51 is available today, the full amount cannot be completed safely within 90 days."
request_175,2346.3,affordable_now,full_payment,2024-09-06:2346.30,2024-09-06,none,Pay EUR 2346.30 today. This leaves at least EUR 1700 available over the next 90 days.
request_176,314.87,not_affordable,not_recommended,none,,none,"Do not proceed with the EUR 1239.70 request. Although EUR 314.87 is available today, the full amount cannot be completed safely within 90 days."
request_177,1017.6,affordable_now,full_payment,2026-01-05:1017.60,2026-01-05,none,Pay USD 1017.60 today. This leaves at least USD 1300 available over the next 90 days.
request_178,2938.1,affordable_with_plan,installments,2024-12-07:1018.54|2025-01-07:1018.54|2025-02-07:1018.54,2024-12-07,none,"Use 3 installments of EUR 1018.54, starting 7 December 2024. This leaves at least EUR 1400 available."
request_179,6458243.33,affordable_later,wait,2025-07-15:41648000,2025-07-15,none,"Wait until 15 July 2025, then pay IDR 41648000 in full. Paying sooner would put the IDR 41430800 minimum at risk."
request_180,66500.0,affordable_now,full_payment,2026-07-06:66500,2026-07-06,none,Pay INR 66500 today. This leaves at least INR 37300 available over the next 90 days.
request_181,436.32,not_affordable,not_recommended,none,,none,"Do not proceed with the USD 5059.20 request. Although USD 436.32 is available today, the full amount cannot be completed safely within 90 days."
request_182,65714.0,affordable_now,full_payment,2025-08-05:65714,2025-08-05,none,Pay ZAR 65714 today. This leaves at least ZAR 31100 available over the next 90 days.
request_183,23941196.43,affordable_with_plan,installments,2026-04-10:9313546.67|2026-05-10:9313546.67|2026-06-09:9313546.67,2026-04-15,none,"Use 3 installments of IDR 9313546.67, starting 10 April 2026. This leaves at least IDR 11878300 available."
request_184,12197.66,not_affordable,not_recommended,none,,none,"Do not proceed with the INR 251900 request. Although INR 12197.66 is available today, the full amount cannot be completed safely within 90 days."
request_185,379.69,affordable_later,wait,2026-01-15:1257.30,2026-01-15,none,"Wait until 15 January 2026, then pay EUR 1257.30 in full. Paying sooner would put the EUR 1300 minimum at risk."
request_186,4995.75,affordable_later,wait,2026-03-15:26554,2026-03-15,none,"Wait until 15 March 2026, then pay ZAR 26554 in full. Paying sooner would put the ZAR 22000 minimum at risk."
request_187,38384.36,affordable_later,wait,2024-11-15:187500,2024-11-15,none,"Wait until 15 November 2024, then pay INR 187500 in full. Paying sooner would put the INR 128300 minimum at risk."
request_188,26.3,not_affordable,not_recommended,none,,none,"Do not proceed with the EUR 2464 request. Although EUR 26.30 is available today, the full amount cannot be completed safely within 90 days."
request_189,488.4,affordable_now,full_payment,2026-07-04:488.40,2026-07-04,none,Pay EUR 488.40 today. This leaves at least EUR 400 available over the next 90 days.
request_190,528.67,affordable_later,wait,2025-02-15:2557.50,2025-02-15,none,"Wait until 15 February 2025, then pay EUR 2557.50 in full. Paying sooner would put the EUR 1600 minimum at risk."
request_191,664.4,affordable_now,full_payment,2025-05-03:664.40,2025-05-03,none,Pay EUR 664.40 today. This leaves at least EUR 500 available over the next 90 days.
request_192,196.96,not_affordable,not_recommended,none,,none,"Do not proceed with the USD 2046 request. Although USD 196.96 is available today, the full amount cannot be completed safely within 90 days."
request_193,23.01,affordable_with_plan,installments,2024-03-21:420.23|2024-04-21:420.23|2024-05-22:420.23,2024-05-15,none,"Use 3 installments of EUR 420.23, starting 21 March 2024. This leaves at least EUR 1000 available."
request_194,39279.33,affordable_later,wait,2025-10-23:132800,2025-10-23,none,"Wait until 23 October 2025, then pay INR 132800 in full. Paying sooner would put the INR 113600 minimum at risk."
request_195,1035.8,affordable_with_plan,installments,2026-01-09:405.74|2026-02-08:405.74|2026-03-10:405.74,2026-01-15,none,"Use 3 installments of EUR 405.74, starting 9 January 2026. This leaves at least EUR 700 available."
request_196,762.3,affordable_now,full_payment,2024-06-03:762.30,2024-06-03,none,Pay EUR 762.30 today. This leaves at least EUR 500 available over the next 90 days.
request_197,21755630.56,not_affordable,not_recommended,none,,none,"Do not proceed with the IDR 50939000 request. Although IDR 21755630.56 is available today, the full amount cannot be completed safely within 90 days."
request_198,185800.0,affordable_now,full_payment,2026-07-07:185800,2026-07-07,none,Pay INR 185800 today. This leaves at least INR 124300 available over the next 90 days.
request_199,23674000.0,affordable_with_plan,installments,2024-09-07:8206986.67|2024-10-08:8206986.67|2024-11-08:8206986.67,2024-09-04,none,"Use 3 installments of IDR 8206986.67, starting 7 September 2024. This leaves at least IDR 25359500 available."
request_200,21717000.0,affordable_now,full_payment,2025-02-06:21717000,2025-02-06,none,Pay IDR 21717000 today. This leaves at least IDR 20114600 available over the next 90 days.
request_201,23997000.0,affordable_now,full_payment,2026-04-03:23997000,2026-04-03,none,Pay IDR 23997000 today. This leaves at least IDR 17304500 available over the next 90 days.
request_202,123900.0,affordable_now,full_payment,2024-12-05:123900,2024-12-05,none,Pay INR 123900 today. This leaves at least INR 147800 available over the next 90 days.
request_203,1442.1,affordable_with_plan,installments,2025-05-10:499.93|2025-06-07:499.93|2025-07-05:499.93,2025-05-07,none,"Use 3 installments of EUR 499.93, starting 10 May 2025. This leaves at least EUR 1400 available."
request_204,588.74,affordable_now,full_payment,2026-01-04:588.74,2026-01-04,none,Pay EUR 588.74 today. This leaves at least EUR 1300 available over the next 90 days.
request_205,10621000.0,affordable_now,full_payment,2024-03-06:10621000,2024-03-06,none,Pay IDR 10621000 today. This leaves at least IDR 13994300 available over the next 90 days.
request_206,1404.7,affordable_with_plan,installments,2025-08-03:486.96|2025-08-31:486.96|2025-09-28:486.96,2025-08-03,none,"Use 3 installments of EUR 486.96, starting 3 August 2025. This leaves at least EUR 900 available."
request_207,4205.61,affordable_later,wait,2026-07-15:11830,2026-07-15,none,"Wait until 15 July 2026, then pay ZAR 11830 in full. Paying sooner would put the ZAR 13600 minimum at risk."
request_208,3769831.06,affordable_later,wait,2024-06-15:4413000,2024-06-15,none,"Wait until 15 June 2024, then pay IDR 4413000 in full. Paying sooner would put the IDR 10470700 minimum at risk."
request_209,1808.74,not_affordable,not_recommended,none,,none,"Do not proceed with the ZAR 56914 request. Although ZAR 1808.74 is available today, the full amount cannot be completed safely within 90 days."
request_210,965.41,affordable_with_plan,partial_payment,2026-04-06:965.41|2026-04-15:394.61,2026-04-15,none,Pay USD 965.41 today and the remaining USD 394.61 on 15 April 2026. This completes the full request and keeps the USD 2000 minimum protected.
request_211,288.07,affordable_later,wait,2024-11-15:1788.60,2024-11-15,none,"Wait until 15 November 2024, then pay EUR 1788.60 in full. Paying sooner would put the EUR 1500 minimum at risk."
request_212,5403486.06,not_affordable,not_recommended,none,,none,"Do not proceed with the IDR 71934000 request. Although IDR 5403486.06 is available today, the full amount cannot be completed safely within 90 days."
request_213,2756.38,not_affordable,not_recommended,none,,none,"Do not proceed with the USD 3362.40 request. Although USD 2756.38 is available today, the full amount cannot be completed safely within 90 days."
request_214,56132.67,affordable_with_plan,partial_payment,2024-12-04:56132.67|2024-12-15:13617.33,2024-12-15,none,Pay INR 56132.67 today and the remaining INR 13617.33 on 15 December 2024. This completes the full request and keeps the INR 174900 minimum protected.
request_215,29986.0,affordable_with_plan,installments,2025-05-09:10395.15|2025-06-06:10395.15|2025-07-04:10395.15,2025-05-06,none,"Use 3 installments of ZAR 10395.15, starting 9 May 2025. This leaves at least ZAR 15700 available."
request_216,472.13,not_affordable,not_recommended,none,,none,"Do not proceed with the USD 3332.40 request. Although USD 472.13 is available today, the full amount cannot be completed safely within 90 days."
request_217,21082.36,affordable_with_plan,installments,2024-03-19:12889.07|2024-04-19:12889.07|2024-05-20:12889.07,2024-05-15,none,"Use 3 installments of ZAR 12889.07, starting 19 March 2024. This leaves at least ZAR 26800 available."
request_218,24552135.34,affordable_with_plan,installments,2025-08-07:21195893.33|2025-09-04:21195893.33|2025-10-02:21195893.33,2025-09-15,none,"Use 3 installments of IDR 21195893.33, starting 7 August 2025. This leaves at least IDR 34477200 available."
request_219,784.4,affordable_with_plan,installments,2026-04-07:580.01|2026-05-07:580.01|2026-06-06:580.01,2026-05-15,none,"Use 3 installments of EUR 580.01, starting 7 April 2026. This leaves at least EUR 1100 available."
request_220,50.71,not_affordable,not_recommended,none,,none,"Do not proceed with the EUR 3118.50 request. Although EUR 50.71 is available today, the full amount cannot be completed safely within 90 days."
request_221,109800.0,affordable_now,full_payment,2025-11-03:109800,2025-11-03,none,Pay INR 109800 today. This leaves at least INR 81500 available over the next 90 days.
request_222,34078.0,affordable_now,full_payment,2026-01-05:34078,2026-01-05,none,Pay ZAR 34078 today. This leaves at least ZAR 27300 available over the next 90 days.
request_223,898.7,affordable_now,full_payment,2024-09-07:898.70,2024-09-07,none,Pay EUR 898.70 today. This leaves at least EUR 800 available over the next 90 days.
request_224,9894269.18,affordable_with_plan,partial_payment,2025-02-04:9894269.18|2025-02-15:432730.82,2025-02-15,none,Pay IDR 9894269.18 today and the remaining IDR 432730.82 on 15 February 2025. This completes the full request and keeps the IDR 22187600 minimum protected.
request_225,10696987.71,affordable_with_plan,installments,2026-07-20:7647120|2026-08-19:7647120|2026-09-18:7647120,2026-09-15,none,"Use 3 installments of IDR 7647120, starting 20 July 2026. This leaves at least IDR 17670700 available."
request_226,0.0,not_affordable,not_recommended,none,,none,Do not make this payment by 15 January 2025. None of the available options keeps the INR 209400 minimum protected.
request_227,7699.12,not_affordable,not_recommended,none,,none,"Do not proceed with the INR 259700 request. Although INR 7699.12 is available today, the full amount cannot be completed safely within 90 days."
request_228,1327679.29,not_affordable,not_recommended,none,,none,"Do not proceed with the IDR 63327000 request. Although IDR 1327679.29 is available today, the full amount cannot be completed safely within 90 days."
request_229,420.82,not_affordable,not_recommended,none,2024-05-15,none,"Do not proceed with the EUR 1526.80 request. Although EUR 420.82 is available today, the full amount cannot be completed safely within 90 days."
request_230,3537.6,affordable_now,full_payment,2025-08-06:3537.60,2025-08-06,none,Pay EUR 3537.60 today. This leaves at least EUR 2000 available over the next 90 days.
request_231,32362.43,affordable_with_plan,installments,2026-01-06:12378.08|2026-02-05:12378.08|2026-03-07:12378.08,2026-01-15,none,"Use 3 installments of ZAR 12378.08, starting 6 January 2026. This leaves at least ZAR 24300 available."
request_232,251.7,not_affordable,not_recommended,none,,none,"Do not proceed with the EUR 1970.10 request. Although EUR 251.70 is available today, the full amount cannot be completed safely within 90 days."
request_233,0.0,not_affordable,not_recommended,none,,none,Do not make this payment by 17 December 2025. None of the available options keeps the IDR 10365700 minimum protected.
request_234,184.65,affordable_later,wait,2026-09-15:1213.30,2026-09-15,none,"Wait until 15 September 2026, then pay EUR 1213.30 in full. Paying sooner would put the EUR 700 minimum at risk."
request_235,967.2,affordable_now,full_payment,2024-09-06:967.20,2024-09-06,none,Pay USD 967.20 today. This leaves at least USD 700 available over the next 90 days.
request_236,6081340.68,not_affordable,not_recommended,none,,none,"Do not proceed with the IDR 52383000 request. Although IDR 6081340.68 is available today, the full amount cannot be completed safely within 90 days."
request_237,23826000.0,affordable_now,full_payment,2026-04-05:23826000,2026-04-05,none,Pay IDR 23826000 today. This leaves at least IDR 22431500 available over the next 90 days.
request_238,663.6,affordable_with_plan,installments,2024-12-07:230.05|2025-01-07:230.05|2025-02-07:230.05,2024-12-07,none,"Use 3 installments of USD 230.05, starting 7 December 2024. This leaves at least USD 700 available."
request_239,642.0,affordable_now,full_payment,2025-05-04:642,2025-05-04,none,Pay USD 642 today. This leaves at least USD 600 available over the next 90 days.
request_240,14534.05,not_affordable,not_recommended,none,,none,"Do not proceed with the INR 101200 request. Although INR 14534.05 is available today, the full amount cannot be completed safely within 90 days."
request_241,21052000.0,affordable_with_plan,installments,2024-03-17:7298026.67|2024-04-17:7298026.67|2024-05-18:7298026.67,2024-03-03,none,"Use 3 installments of IDR 7298026.67, starting 17 March 2024. This leaves at least IDR 19252000 available."
request_242,0.0,not_affordable,not_recommended,none,,none,Do not make this payment by 25 August 2025. None of the available options keeps the EUR 600 minimum protected.
request_243,17468.0,affordable_now,full_payment,2026-07-07:17468,2026-07-07,none,Pay ZAR 17468 today. This leaves at least ZAR 19900 available over the next 90 days.
request_244,49918.0,affordable_now,full_payment,2024-06-04:49918,2024-06-04,none,Pay ZAR 49918 today. This leaves at least ZAR 45900 available over the next 90 days.
request_245,31297.79,affordable_later,wait,2026-01-15:128500,2026-01-15,none,"Wait until 15 January 2026, then pay INR 128500 in full. Paying sooner would put the INR 94600 minimum at risk."
request_246,64086.0,affordable_with_plan,installments,2026-04-03:22216.48|2026-05-03:22216.48|2026-06-02:22216.48,2026-04-03,none,"Use 3 installments of ZAR 22216.48, starting 3 April 2026. This leaves at least ZAR 39300 available."
request_247,1059.3,affordable_now,full_payment,2024-09-05:1059.30,2024-09-05,none,Pay EUR 1059.30 today. This leaves at least EUR 1300 available over the next 90 days.
request_248,907.16,affordable_with_plan,partial_payment,2025-02-07:907.16|2025-04-24:1058.44,2025-04-24,none,Pay USD 907.16 today and the remaining USD 1058.44 on 24 April 2025. This completes the full request and keeps the USD 1300 minimum protected.
request_249,158.97,affordable_later,wait,2026-03-15:643.20,2026-03-15,none,"Wait until 15 March 2026, then pay USD 643.20 in full. Paying sooner would put the USD 600 minimum at risk."
request_250,16056.71,not_affordable,not_recommended,none,,none,"Do not proceed with the ZAR 124278 request. Although ZAR 16056.71 is available today, the full amount cannot be completed safely within 90 days."
request_251,662.21,not_affordable,not_recommended,none,,none,"Do not proceed with the EUR 1513.60 request. Although EUR 662.21 is available today, the full amount cannot be completed safely within 90 days."
request_252,3553677.74,affordable_later,wait,2026-09-15:28082000,2026-09-15,none,"Wait until 15 September 2026, then pay IDR 28082000 in full. Paying sooner would put the IDR 15152200 minimum at risk."
request_253,1463.74,affordable_with_plan,installments,2024-03-21:984.60|2024-04-21:984.60|2024-05-22:984.60,2024-05-15,none,"Use 3 installments of EUR 984.60, starting 21 March 2024. This leaves at least EUR 2300 available."
request_254,627.67,affordable_later,wait,2025-10-15:3535.20,2025-10-15,none,"Wait until 15 October 2025, then pay USD 3535.20 in full. Paying sooner would put the USD 2500 minimum at risk."
request_255,1687704.66,not_affordable,not_recommended,none,,none,"Do not proceed with the IDR 3345000 request. Although IDR 1687704.66 is available today, the full amount cannot be completed safely within 90 days."
request_256,154879.83,affordable_with_plan,installments,2024-06-10:75816|2024-07-11:75816|2024-08-11:75816,2024-07-15,none,"Use 3 installments of INR 75816, starting 10 June 2024. This leaves at least INR 168600 available."
request_257,440.5,affordable_later,wait,2026-01-15:1352.40,2026-01-15,none,"Wait until 15 January 2026, then pay USD 1352.40 in full. Paying sooner would put the USD 1600 minimum at risk."
request_258,1113.6,affordable_now,full_payment,2026-01-07:1113.60,2026-01-07,none,Pay USD 1113.60 today. This leaves at least USD 500 available over the next 90 days.
request_259,212.1,affordable_later,wait,2024-11-15:935,2024-11-15,none,"Wait until 15 November 2024, then pay EUR 935 in full. Paying sooner would put the EUR 600 minimum at risk."
request_260,7773408.05,not_affordable,not_recommended,none,,none,"Do not proceed with the IDR 52079000 request. Although IDR 7773408.05 is available today, the full amount cannot be completed safely within 90 days."
request_261,1830.4,affordable_now,full_payment,2026-07-03:1830.40,2026-07-03,none,Pay EUR 1830.40 today. This leaves at least EUR 1500 available over the next 90 days.
request_262,9163948.12,affordable_with_plan,full_payment,2024-12-05:9236000,2025-02-15,reduce_to:event_24094:541500,"Apply spending changes (reduce event_24094 to IDR 541500), then pay IDR 9236000 today. This leaves at least IDR 31018500 available."
request_263,6537.64,not_affordable,not_recommended,none,,none,"Do not proceed with the ZAR 51546 request. Although ZAR 6537.64 is available today, the full amount cannot be completed safely within 90 days."
request_264,27072.12,affordable_later,wait,2026-06-15:111300,2026-06-15,none,"Wait until 15 June 2026, then pay INR 111300 in full. Paying sooner would put the INR 59500 minimum at risk."
request_265,0.0,not_affordable,not_recommended,none,,none,Do not make this payment by 21 March 2024. None of the available options keeps the INR 189700 minimum protected.
request_266,796.05,affordable_with_plan,installments,2025-08-03:324.13|2025-08-31:324.13|2025-09-28:324.13,2025-09-15,none,"Use 3 installments of EUR 324.13, starting 3 August 2025. This leaves at least EUR 900 available."
request_267,1693.76,affordable_with_plan,installments,2026-01-08:667.33|2026-02-07:667.33|2026-03-09:667.33,2026-02-15,none,"Use 3 installments of EUR 667.33, starting 8 January 2026. This leaves at least EUR 1500 available."
request_268,1061.93,affordable_with_plan,installments,2024-06-14:841.22|2024-07-15:841.22|2024-08-15:841.22,2024-07-15,none,"Use 3 installments of EUR 841.22, starting 14 June 2024. This leaves at least EUR 1400 available."
request_269,0.0,not_affordable,not_recommended,none,,none,Do not make this payment by 2 January 2026. None of the available options keeps the ZAR 23100 minimum protected.
request_270,96.77,not_affordable,not_recommended,none,,none,"Do not proceed with the USD 3028.80 request. Although USD 96.77 is available today, the full amount cannot be completed safely within 90 days."
request_271,0.0,not_affordable,not_recommended,none,,none,Do not make this payment by 15 November 2024. None of the available options keeps the INR 58200 minimum protected.
request_272,5420361.49,affordable_with_plan,installments,2025-02-12:4709466.67|2025-03-12:4709466.67|2025-04-09:4709466.67,2025-03-15,none,"Use 3 installments of IDR 4709466.67, starting 12 February 2025. This leaves at least IDR 7508600 available."
request_273,10948756.31,affordable_with_plan,installments,2026-04-07:5498480|2026-05-05:5498480|2026-06-02:5498480,2026-04-15,none,"Use 3 installments of IDR 5498480, starting 7 April 2026. This leaves at least IDR 18774600 available."
request_274,2197.22,not_affordable,not_recommended,none,2025-01-15,none,"Do not proceed with the EUR 2713.70 request. Although EUR 2197.22 is available today, the full amount cannot be completed safely within 90 days."
request_275,15884000.0,affordable_now,full_payment,2025-05-06:15884000,2025-05-06,none,Pay IDR 15884000 today. This leaves at least IDR 12760100 available over the next 90 days.
